branch,host,compiler,c_version,mpi,m_version,o_g,os,build,u_pass,u_fail,s_pass,s_fail,e_pass,e_fail,nuopc_pass,nuopc_fail,hash,modified
jedwards/pio_update,cheyenne,intel,18.0.5,intelmpi,2018.4.274,O,Linux,Fail,9033,0,49,0,80,0,50,0,[artifacts](https://github.com/esmf-org/esmf-test-artifacts/tree/cheyenne/jedwards_pio_update/cheyenne/intel/18.0.5/O/intelmpi/2018.4.274),02/07/2022_10:37:16
jedwards/pio_update,cheyenne,intel,18.0.5,intelmpi,2018.4.274,g,Linux,Fail,13657,0,49,0,80,0,50,0,[artifacts](https://github.com/esmf-org/esmf-test-artifacts/tree/cheyenne/jedwards_pio_update/cheyenne/intel/18.0.5/g/intelmpi/2018.4.274),02/07/2022_10:37:16
jedwards/pio_update,cheyenne,intel,18.0.5,mpt,2.19,O,Linux,Fail,9033,0,49,0,80,0,0,50,[artifacts](https://github.com/esmf-org/esmf-test-artifacts/tree/cheyenne/jedwards_pio_update/cheyenne/intel/18.0.5/O/mpt/2.19),02/07/2022_10:37:16
jedwards/pio_update,cheyenne,intel,18.0.5,mpt,2.19,g,Linux,Fail,13657,0,49,0,80,0,0,50,[artifacts](https://github.com/esmf-org/esmf-test-artifacts/tree/cheyenne/jedwards_pio_update/cheyenne/intel/18.0.5/g/mpt/2.19),02/07/2022_10:37:16
jedwards/pio_update,cheyenne,intel,18.0.5,openmpi,3.1.4,O,Linux,Fail,9033,0,49,0,80,0,50,0,[artifacts](https://github.com/esmf-org/esmf-test-artifacts/tree/cheyenne/jedwards_pio_update/cheyenne/intel/18.0.5/O/openmpi/3.1.4),02/07/2022_10:37:16
jedwards/pio_update,cheyenne,intel,18.0.5,openmpi,3.1.4,g,Linux,Fail,13657,0,49,0,80,0,50,0,[artifacts](https://github.com/esmf-org/esmf-test-artifacts/tree/cheyenne/jedwards_pio_update/cheyenne/intel/18.0.5/g/openmpi/3.1.4),02/07/2022_10:37:16
jedwards/pio_update,orion,gfortran,8.3.0,openmpi,4.0.2,O,Linux,Pass,9033,0,49,0,80,0,50,0,[artifacts](https://github.com/esmf-org/esmf-test-artifacts/tree/orion/jedwards_pio_update/orion/gfortran/8.3.0/O/openmpi/4.0.2),02/07/2022_10:48:11
jedwards/pio_update,orion,gfortran,8.3.0,openmpi,4.0.2,g,Linux,Pass,13657,0,49,0,80,0,50,0,[artifacts](https://github.com/esmf-org/esmf-test-artifacts/tree/orion/jedwards_pio_update/orion/gfortran/8.3.0/g/openmpi/4.0.2),02/07/2022_10:48:11
jedwards/pio_update,orion,intel,2020,intelmpi,2020.2,O,Linux,Pass,9031,2,49,0,80,0,50,0,[artifacts](https://github.com/esmf-org/esmf-test-artifacts/tree/orion/jedwards_pio_update/orion/intel/2020/O/intelmpi/2020.2),02/07/2022_10:48:11
jedwards/pio_update,orion,intel,2020,intelmpi,2020.2,g,Linux,Pass,fail,fail,fail,fail,fail,fail,0,0,[artifacts](https://github.com/esmf-org/esmf-test-artifacts/tree/orion/jedwards_pio_update/orion/intel/2020/g/intelmpi/2020.2),02/07/2022_10:48:11
